<?xml version="1.0" encoding="UTF-8" ?>
<!DOCTYPE configuration
        PUBLIC "-//mybatis.org//DTD Config 3.0//EN"
        "http://mybatis.org/dtd/mybatis-3-config.dtd">
<configuration>
    <!--环境操作那个数据库 environments 环境复数 prod dev test ...-->
    <environments default="prod">
        <!--生产环境-->
        <environment id="prod">
            <transactionManager type="JDBC"/>
            <dataSource type="POOLED">
                <property name="driver" value="com.mysql.jdbc.Driver"/>
                <property name="url" value="jdbc:mysql://localhost:3306/mybatis?characterEncoding=utf-8"/>
                <property name="username" value="root"/>
                <property name="password" value="root"/>
            </dataSource>
        </environment>
    </environments>


    <!--注册项目中mapper.xml配置-->
    <mappers>

        <!--省份信息-->
        <mapper resource="com/baizhi/mapper/InfoDAO.xml"/>
        <!--用户信息-->
        <mapper resource="com/baizhi/mapper/PersonDAO.xml"/>
        <!--部门信息-->
        <mapper resource="com/baizhi/mapper/DeptDAO.xml"/>
        <!--员工信息-->
        <mapper resource="com/baizhi/mapper/EmpDAO.xml"/>
        <!--学生信息-->
        <mapper resource="com/baizhi/mapper/StudentDAO.xml"/>

    </mappers>

</configuration>