<?xml version="1.0" encoding="UTF-8"?>
<!DOCTYPE mapper PUBLIC "-//mybatis.org//DTD Mapper 3.0//EN" "http://mybatis.org/dtd/mybatis-3-mapper.dtd">
<mapper namespace="com.km.sglototo.sys.mapper.SysDictMapper">

    <!-- 通用查询映射结果 -->
    <resultMap id="BaseResultMap" type="com.km.sglototo.sys.entity.SysDict">
        <id column="id" property="id"/>
        <result column="keyname" property="keyname"/>
        <result column="valuename" property="valuename"/>
        <result column="status" property="status"/>
        <result column="remark" property="remark"/>
        <result column="type" property="type"/>
    </resultMap>

    <!-- 通用查询结果列 -->
    <sql id="Base_Column_List">
        id, keyname, valuename, status, remark, type
    </sql>

</mapper>
