<?xml version="1.0" encoding="UTF-8"?>
<!DOCTYPE mapper PUBLIC "-//mybatis.org//DTD Mapper 3.0//EN" "http://mybatis.org/dtd/mybatis-3-mapper.dtd">
<mapper namespace="com.km.sglototo.sys.mapper.SysPermissionMapper">

    <!-- 通用查询映射结果 -->
    <resultMap id="BaseResultMap" type="com.km.sglototo.sys.entity.SysPermission">
        <id column="id" property="id"/>
        <result column="pid" property="pid"/>
        <result column="name" property="name"/>
        <result column="value" property="value"/>
        <result column="icon" property="icon"/>
        <result column="type" property="type"/>
        <result column="uri" property="uri"/>
        <result column="status" property="status"/>
        <result column="create_time" property="createTime"/>
        <result column="sort" property="sort"/>
    </resultMap>

    <!-- 通用查询结果列 -->
    <sql id="Base_Column_List">
        id, pid, name, value, icon, type, uri, status, create_time, sort
    </sql>
    <select id="getPermissionList" resultMap="BaseResultMap">
        SELECT
        p.*
        FROM
        sys_role_permission r
        LEFT JOIN sys_permission p ON r.permission_id = p.id
        WHERE
        r.role_id = #{roleId} and p.status=1
    </select>

    <select id="listMenuByUserId" resultType="com.km.sglototo.sys.entity.SysPermission">
        select distinct
        m.id , pid, name, uri,
        `value`,`type`,icon,sort,create_time
        from sys_permission m
        left
        join sys_role_permission rm on m.id = rm.permission_id left join
        sys_user_role ur
        on rm.role_id =ur.role_id where ur.admin_id = #{id}
        and
        m.type in(0,1) and m.status=1
        order by
        m.sort
    </select>
    <select id="listUserPerms" resultType="com.km.sglototo.sys.entity.SysPermission">
        select distinct
        m.id , pid, name, uri,
        `value`,`type`,icon,sort,create_time
        from sys_permission m
        left
        join sys_role_permission rm on m.id = rm.permission_id left join
        sys_user_role ur
        on rm.role_id =ur.role_id where ur.admin_id = #{id} and m.status=1

    </select>

</mapper>
