<?xml version="1.0" encoding="UTF-8"?>
<!DOCTYPE mapper PUBLIC "-//mybatis.org//DTD Mapper 3.0//EN" "http://mybatis.org/dtd/mybatis-3-mapper.dtd">
<mapper namespace="com.km.sglototo.sys.mapper.SysRoleMapper">

    <!-- 通用查询映射结果 -->
    <resultMap id="BaseResultMap" type="com.km.sglototo.sys.entity.SysRole">
        <id column="id" property="id"/>
        <result column="name" property="name"/>
        <result column="description" property="description"/>
        <result column="admin_count" property="adminCount"/>
        <result column="create_time" property="createTime"/>
        <result column="status" property="status"/>
        <result column="sort" property="sort"/>
    </resultMap>

    <!-- 通用查询结果列 -->
    <sql id="Base_Column_List">
        id, name, description, admin_count, create_time, status, sort
    </sql>
    <select id="getRoleListByUserId" resultMap="BaseResultMap">
        select r.*
        from sys_user_role ar left join sys_role r on ar.role_id = r.id
        where ar.admin_id = #{adminId}
    </select>
</mapper>
