<?xml version="1.0" encoding="UTF-8"?>
<!DOCTYPE mapper PUBLIC "-//mybatis.org//DTD Mapper 3.0//EN" "http://mybatis.org/dtd/mybatis-3-mapper.dtd">
<mapper namespace="com.km.sglototo.sys.mapper.SysUserMapper">

    <!-- 通用查询映射结果 -->
    <resultMap id="BaseResultMap" type="com.km.sglototo.sys.entity.SysUser">
        <id column="id" property="id"/>
        <result column="username" property="username"/>
        <result column="password" property="password"/>
        <result column="icon" property="icon"/>
        <result column="email" property="email"/>
        <result column="nick_name" property="nickName"/>
        <result column="note" property="note"/>
        <result column="create_time" property="createTime"/>
        <result column="login_time" property="loginTime"/>
        <result column="status" property="status"/>
        <result column="state" property="state"/>
    </resultMap>

    <!-- 通用查询结果列 -->
<!--    <sql id="Base_Column_List">-->
<!--        id,uid,username,password,icon,email,note,login_time,-->
<!--status,name_cn,sex,is_sync,phone,position,face_info,face_id,sign_id,nick_name,modify_time,create_time-->
<!--    </sql>-->

    <select id="selectByUserName"  resultType="com.km.sglototo.sys.entity.SysUserVo">
        select sys_user.*,0 as state from sys_user
        where username = #{username}
    </select>
</mapper>
