{
  "name": "vue-admin",
  "version": "1.0.0",
  "description": "A Vue.js project",
  "author": "gitee2133 <570296189@qq.com>",
  "private": true,
  "scripts": {
    "dev": "webpack-dev-server --inline --progress --config build/webpack.dev.conf.js",
    "start": "npm run dev",
    "unit": "jest --config test/unit/jest.conf.js --coverage",
    "e2e": "node test/e2e/runner.js",
    "test": "npm run unit && npm run e2e",
    "lint": "eslint --ext .js,.vue src test/unit test/e2e/specs",
    "build": "node build/build.js"
  },
  "dependencies": {
    "@riophae/vue-treeselect": "0.0.38",
    "axios": "^0.18.0",
    "echarts": "^4.2.0-rc.2",
    "element-ui": "^2.7.2",
    "js-cookie": "^2.2.0",
    "normalize.css": "^8.0.0",
    "nprogress": "^0.2.0",
    "v-charts": "^1.19.0",
    "v-distpicker": "^1.0.20",
    "vue": "^2.5.2",
    "vue-baidu-map": "^0.21.22",
    "vue-router": "^3.0.1",
    "vuedraggable": "^2.20.0",
    "vuex": "^3.0.1"
  },
  "devDependencies": {
    "autoprefixer": "^7.1.2",
    "babel-core": "^6.22.1",
    "babel-helper-vue-jsx-merge-props": "^2.0.3",
    "babel-loader": "^7.1.1",
    "babel-plugin-syntax-jsx": "^6.18.0",
    "babel-plugin-transform-runtime": "^6.22.0",
    "babel-plugin-transform-vue-jsx": "^3.5.0",
    "babel-preset-env": "^1.3.2",
    "babel-preset-stage-2": "^6.22.0",
    "chalk": "^2.0.1",
    "copy-webpack-plugin": "^4.0.1",
    "cross-env": "^5.2.0",
    "css-loader": "^0.28.0",
    "extract-text-webpack-plugin": "^3.0.0",
    "file-loader": "^1.1.4",
    "friendly-errors-webpack-plugin": "^1.6.1",
    "html-webpack-plugin": "^2.30.1",
    "less": "^3.10.3",
    "less-loader": "^5.0.0",
    "node-notifier": "^5.1.2",
    "node-sass": "^6.0.1",
    "sass-loader": "^10.2.0",
    "optimize-css-assets-webpack-plugin": "^3.2.0",
    "ora": "^1.2.0",
    "portfinder": "^1.0.13",
    "postcss-import": "^11.0.0",
    "postcss-loader": "^2.0.8",
    "postcss-url": "^7.2.1",
    "rimraf": "^2.6.0",
    "semver": "^5.3.0",
    "shelljs": "^0.7.6",
    "svg-sprite-loader": "^3.7.3",
    "uglifyjs-webpack-plugin": "^1.1.1",
    "url-loader": "^0.5.8",
    "vue-loader": "^13.3.0",
    "vue-style-loader": "^3.0.1",
    "vue-template-compiler": "^2.5.2",
    "webpack": "^3.6.0",
    "webpack-bundle-analyzer": "^2.9.0",
    "webpack-dev-server": "^2.9.1",
    "webpack-merge": "^4.1.0"
  },
  "engines": {
    "node": ">= 6.0.0",
    "npm": ">= 3.0.0"
  },
  "browserslist": [
    "> 1%",
    "last 2 versions",
    "not ie <= 8"
  ]
}
